{"Emission share":{"China":32.48,"United States":12.61,"Europe":7.75,"India":6.71,"Russia":4.66,"Middle-East":4.29,"Japan":2.95,"Rest of South-East Asia":1.91,"South Korea":1.73,"Saudi Arabia":1.64,"North Africa":1.62,"CIS":1.59,"Indonesia":1.58,"Canada":1.51,"Latin America":1.27,"Brazil":1.26,"Pacific":1.22,"South Africa":1.21,"Mexico":1.13,"Turkey":1.13,"(Sub-)Saharan Africa":1.06,"Rest of South Asia":1.06,"Vietnam":0.9,"United Kingdom":0.87,"Malaysia":0.73,"Thailand":0.71,"Ukraine":0.53,"Argentina":0.49,"Chile":0.24,"Norway":0.12,"Switzerland":0.1},"GDP":{"China":17734062.6499999985,"United States":23315080.5599999987,"Europe":17844391.8399999999,"India":3176295.0699999998,"Russia":1778782.6299999999,"Middle-East":1829169.02,"Japan":4940877.7800000003,"Rest of South-East Asia":1334167.8,"South Korea":1810955.8700000001,"Saudi Arabia":833541.24,"North Africa":799557.75,"CIS":497869.84,"Indonesia":1186092.99,"Canada":1988336.3300000001,"Latin America":1982627.1599999999,"Brazil":1608981.46,"Pacific":1862769.3100000001,"South Africa":419015.02,"Mexico":1272839.3300000001,"Turkey":819035.1800000001,"(Sub-)Saharan Africa":1499649.8400000001,"Rest of South Asia":912475.5600000001,"Vietnam":366137.59,"United Kingdom":3131377.7599999998,"Malaysia":372980.96,"Thailand":505947.04,"Ukraine":200085.54,"Argentina":487227.34,"Chile":317058.51,"Norway":482174.85,"Switzerland":800640.16},"dX":{"China":-1.22,"United States":-0.92,"Europe":-1.41,"India":-1.5,"Russia":-1.73,"Middle-East":-3.2,"Japan":-0.81,"Rest of South-East Asia":-1.21,"South Korea":-0.95,"Saudi Arabia":-3.74,"North Africa":-3.76,"CIS":-3.15,"Indonesia":-1.64,"Canada":-1.02,"Latin America":-1.34,"Brazil":-0.92,"Pacific":-1.61,"South Africa":-1.66,"Mexico":-1.57,"Turkey":-2.1,"(Sub-)Saharan Africa":-2.43,"Rest of South Asia":-1.88,"Vietnam":-2.19,"United Kingdom":-0.95,"Malaysia":-2.94,"Thailand":-1.13,"Ukraine":-2.69,"Argentina":-1.17,"Chile":-1.2,"Norway":-1.34,"Switzerland":-0.85},"lambda_nor":{"China":16.84,"United States":25.52,"Europe":76.31,"India":28.14,"Russia":32.85,"Middle-East":16.76,"Japan":50.76,"Rest of South-East Asia":22.47,"South Korea":28.62,"Saudi Arabia":12.87,"North Africa":12.95,"CIS":16.73,"Indonesia":14.6,"Canada":40.56,"Latin America":29.48,"Brazil":32.9,"Pacific":13.82,"South Africa":20.47,"Mexico":12.76,"Turkey":94.05,"(Sub-)Saharan Africa":19.15,"Rest of South Asia":33.13,"Vietnam":9.1,"United Kingdom":96.61,"Malaysia":1.0,"Thailand":24.71,"Ukraine":26.63,"Argentina":39.05,"Chile":44.64,"Norway":138.42,"Switzerland":81.67},"GNI":{"China":16883573.4899999984,"United States":23741354.2100000009,"Europe":17672253.3500000015,"India":3064476.29,"Russia":1725858.3100000001,"Middle-East":1997753.6399999999,"Japan":5487896.2699999996,"Rest of South-East Asia":1342994.5800000001,"South Korea":1821292.79,"Saudi Arabia":867841.48,"North Africa":798742.02,"CIS":476732.04,"Indonesia":1142865.99,"Canada":1865476.8600000001,"Latin America":1847355.5,"Brazil":1689214.3400000001,"Pacific":1750665.27,"South Africa":389105.23,"Mexico":1261065.45,"Turkey":841959.11,"(Sub-)Saharan Africa":1480384.8700000001,"Rest of South Asia":925186.21,"Vietnam":350317.1,"United Kingdom":3050044.7999999998,"Malaysia":360504.06,"Thailand":508382.12,"Ukraine":169966.91,"Argentina":456257.17,"Chile":287802.4,"Norway":442237.69,"Switzerland":790418.12},"dU":{"China":-0.06,"United States":-0.03,"Europe":-0.02,"India":0.0,"Russia":-0.14,"Middle-East":-0.53,"Japan":0.05,"Rest of South-East Asia":-0.1,"South Korea":-0.05,"Saudi Arabia":-0.59,"North Africa":-0.77,"CIS":-0.63,"Indonesia":-0.11,"Canada":0.03,"Latin America":-0.14,"Brazil":-0.02,"Pacific":-0.14,"South Africa":-0.11,"Mexico":-0.18,"Turkey":0.27,"(Sub-)Saharan Africa":-0.23,"Rest of South Asia":-0.05,"Vietnam":-0.23,"United Kingdom":0.15,"Malaysia":-0.57,"Thailand":-0.04,"Ukraine":-0.59,"Argentina":0.05,"Chile":0.06,"Norway":0.3,"Switzerland":0.02}}